ProductPairs,TotalSales
"iPhone, Lightning Charging Cable",891
"Google Phone, USB-C Charging Cable",868
"iPhone, Wired Headphones",374
"USB-C Charging Cable, Vareebadd Phone",318
"Google Phone, Wired Headphones",311
"Apple Airpods Headphones, iPhone",299
"Bose SoundSport Headphones, Google Phone",169
"Vareebadd Phone, Wired Headphones",110
"AA Batteries (4-pack), Lightning Charging Cable",103
"Lightning Charging Cable, USB-C Charging Cable",96
"AAA Batteries (4-pack), USB-C Charging Cable",92
"AA Batteries (4-pack), AAA Batteries (4-pack)",87
"AAA Batteries (4-pack), Wired Headphones",86
"USB-C Charging Cable, Wired Headphones",82
"AA Batteries (4-pack), Wired Headphones",80
"AAA Batteries (4-pack), Lightning Charging Cable",79
"AAA Batteries (4-pack), Apple Airpods Headphones",78
"Google Phone, USB-C Charging Cable, Wired Headphones",78
"AA Batteries (4-pack), USB-C Charging Cable",72
"Apple Airpods Headphones, Wired Headphones",71
"Bose SoundSport Headphones, Lightning Charging Cable",71
"AA Batteries (4-pack), Apple Airpods Headphones",70
"Apple Airpods Headphones, Lightning Charging Cable",69
"Lightning Charging Cable, Wired Headphones",66
"Bose SoundSport Headphones, Vareebadd Phone",62
"Apple Airpods Headphones, USB-C Charging Cable",60
"AAA Batteries (4-pack), Bose SoundSport Headphones",57
"iPhone, Lightning Charging Cable, Wired Headphones",57
"AA Batteries (4-pack), Bose SoundSport Headphones",55
"Bose SoundSport Headphones, USB-C Charging Cable",51
"Lightning Charging Cable, Lightning Charging Cable",51
"AAA Batteries (4-pack), AAA Batteries (4-pack)",48
"Apple Airpods Headphones, Bose SoundSport Headphones",48
"USB-C Charging Cable, USB-C Charging Cable",46
"Bose SoundSport Headphones, Wired Headphones",45
"27in FHD Monitor, AAA Batteries (4-pack)",43
"Apple Airpods Headphones, iPhone, Lightning Charging Cable",43
"27in FHD Monitor, USB-C Charging Cable",41
"27in FHD Monitor, Lightning Charging Cable",36
"AA Batteries (4-pack), AA Batteries (4-pack)",35
"Wired Headphones, Wired Headphones",34
"27in 4K Gaming Monitor, Lightning Charging Cable",33
"34in Ultrawide Monitor, AA Batteries (4-pack)",32
"34in Ultrawide Monitor, Lightning Charging Cable",32
"Bose SoundSport Headphones, Google Phone, USB-C Charging Cable",31
"USB-C Charging Cable, Vareebadd Phone, Wired Headphones",31
"27in 4K Gaming Monitor, AAA Batteries (4-pack)",30
"AA Batteries (4-pack), iPhone",29
"27in 4K Gaming Monitor, Wired Headphones",28
"34in Ultrawide Monitor, Wired Headphones",28
"AAA Batteries (4-pack), ThinkPad Laptop",27
"AAA Batteries (4-pack), iPhone",27
"Bose SoundSport Headphones, Bose SoundSport Headphones",27
"20in Monitor, Lightning Charging Cable",26
"27in 4K Gaming Monitor, AA Batteries (4-pack)",26
"27in FHD Monitor, AA Batteries (4-pack)",26
"20in Monitor, USB-C Charging Cable",25
"27in FHD Monitor, Bose SoundSport Headphones",25
"34in Ultrawide Monitor, AAA Batteries (4-pack)",25
"34in Ultrawide Monitor, USB-C Charging Cable",25
"27in FHD Monitor, Apple Airpods Headphones",24
"Apple Airpods Headphones, Apple Airpods Headphones",24
"Google Phone, Lightning Charging Cable",24
"iPhone, USB-C Charging Cable",24
"27in 4K Gaming Monitor, USB-C Charging Cable",23
"Apple Airpods Headphones, iPhone, Wired Headphones",23
"27in 4K Gaming Monitor, Apple Airpods Headphones",22
"27in FHD Monitor, Wired Headphones",21
"AA Batteries (4-pack), Flatscreen TV",21
"AA Batteries (4-pack), Google Phone",21
"AAA Batteries (4-pack), Flatscreen TV",21
"Bose SoundSport Headphones, Google Phone, Wired Headphones",21
"Flatscreen TV, Lightning Charging Cable",21
"Lightning Charging Cable, Macbook Pro Laptop",21
"Macbook Pro Laptop, USB-C Charging Cable",21
"Lightning Charging Cable, ThinkPad Laptop",20
"ThinkPad Laptop, USB-C Charging Cable",20
"20in Monitor, Wired Headphones",19
"27in 4K Gaming Monitor, Bose SoundSport Headphones",19
"AAA Batteries (4-pack), Google Phone",19
"Apple Airpods Headphones, Macbook Pro Laptop",19
"Macbook Pro Laptop, Wired Headphones",19
"AAA Batteries (4-pack), Macbook Pro Laptop",18
"AA Batteries (4-pack), Macbook Pro Laptop",17
"AA Batteries (4-pack), ThinkPad Laptop",17
"Apple Airpods Headphones, Google Phone",17
"Flatscreen TV, USB-C Charging Cable",17
"20in Monitor, AA Batteries (4-pack)",16
"34in Ultrawide Monitor, Bose SoundSport Headphones",16
"Apple Airpods Headphones, ThinkPad Laptop",16
"20in Monitor, Bose SoundSport Headphones",15
"Bose SoundSport Headphones, Macbook Pro Laptop",15
"34in Ultrawide Monitor, Apple Airpods Headphones",14
"Bose SoundSport Headphones, USB-C Charging Cable, Vareebadd Phone",14
"ThinkPad Laptop, Wired Headphones",14
"20in Monitor, Apple Airpods Headphones",13
"27in 4K Gaming Monitor, Macbook Pro Laptop",13
"Apple Airpods Headphones, Flatscreen TV",13
"Bose SoundSport Headphones, ThinkPad Laptop",13
"34in Ultrawide Monitor, iPhone",12
"AA Batteries (4-pack), Vareebadd Phone",12
"Bose SoundSport Headphones, Flatscreen TV",12
"20in Monitor, AAA Batteries (4-pack)",11
"Bose SoundSport Headphones, iPhone",11
"Flatscreen TV, Wired Headphones",11
"27in FHD Monitor, 34in Ultrawide Monitor",10
"Apple Airpods Headphones, Vareebadd Phone",10
"27in FHD Monitor, 27in FHD Monitor",9
"27in FHD Monitor, Macbook Pro Laptop",9
"Flatscreen TV, iPhone",9
"27in 4K Gaming Monitor, 27in FHD Monitor",8
"27in 4K Gaming Monitor, iPhone",8
"34in Ultrawide Monitor, Flatscreen TV",8
"34in Ultrawide Monitor, 34in Ultrawide Monitor",7
"34in Ultrawide Monitor, Macbook Pro Laptop",7
"iPhone, ThinkPad Laptop",7
"20in Monitor, Macbook Pro Laptop",6
"27in 4K Gaming Monitor, 34in Ultrawide Monitor",6
"27in 4K Gaming Monitor, Google Phone",6
"27in FHD Monitor, Flatscreen TV",6
"27in FHD Monitor, ThinkPad Laptop",6
"AA Batteries (4-pack), LG Dryer",6
"AAA Batteries (4-pack), Vareebadd Phone",6
"Flatscreen TV, Flatscreen TV",6
"Flatscreen TV, ThinkPad Laptop",6
"Google Phone, Macbook Pro Laptop",6
"Google Phone, ThinkPad Laptop",6
"Google Phone, iPhone",6
"LG Washing Machine, Lightning Charging Cable",6
"iPhone, Macbook Pro Laptop",6
"20in Monitor, 27in FHD Monitor",5
"27in 4K Gaming Monitor, 27in 4K Gaming Monitor",5
"27in 4K Gaming Monitor, Flatscreen TV",5
"27in 4K Gaming Monitor, ThinkPad Laptop",5
"27in FHD Monitor, Google Phone",5
"Flatscreen TV, Macbook Pro Laptop",5
"Macbook Pro Laptop, ThinkPad Laptop",5
"20in Monitor, Google Phone",4
"34in Ultrawide Monitor, Google Phone",4
"34in Ultrawide Monitor, ThinkPad Laptop",4
"34in Ultrawide Monitor, Vareebadd Phone",4
"AAA Batteries (4-pack), LG Washing Machine",4
"Flatscreen TV, Google Phone",4
"Google Phone, Vareebadd Phone",4
"LG Washing Machine, Wired Headphones",4
"iPhone, Vareebadd Phone",4
"20in Monitor, 20in Monitor",3
"20in Monitor, iPhone",3
"27in FHD Monitor, LG Dryer",3
"AAA Batteries (4-pack), Apple Airpods Headphones, iPhone",3
"AAA Batteries (4-pack), Google Phone, USB-C Charging Cable",3
"Apple Airpods Headphones, LG Dryer",3
"Apple Airpods Headphones, iPhone, Lightning Charging Cable, Wired Headphones",3
"Bose SoundSport Headphones, Google Phone, USB-C Charging Cable, Wired Headphones",3
"Bose SoundSport Headphones, Vareebadd Phone, Wired Headphones",3
"Google Phone, Google Phone",3
"LG Dryer, Lightning Charging Cable",3
"Lightning Charging Cable, Vareebadd Phone",3
"Macbook Pro Laptop, Macbook Pro Laptop",3
"ThinkPad Laptop, Vareebadd Phone",3
"iPhone, Lightning Charging Cable, Lightning Charging Cable",3
"20in Monitor, 27in 4K Gaming Monitor",2
"20in Monitor, 34in Ultrawide Monitor",2
"20in Monitor, Flatscreen TV",2
"20in Monitor, LG Washing Machine",2
"20in Monitor, ThinkPad Laptop",2
"27in 4K Gaming Monitor, LG Dryer",2
"27in 4K Gaming Monitor, Vareebadd Phone",2
"27in FHD Monitor, Vareebadd Phone",2
"27in FHD Monitor, iPhone",2
"AA Batteries (4-pack), Google Phone, USB-C Charging Cable",2
"AA Batteries (4-pack), iPhone, Lightning Charging Cable",2
"AAA Batteries (4-pack), LG Dryer",2
"Bose SoundSport Headphones, LG Washing Machine",2
"Bose SoundSport Headphones, USB-C Charging Cable, Vareebadd Phone, Wired Headphones",2
"Flatscreen TV, Vareebadd Phone",2
"LG Washing Machine, Macbook Pro Laptop",2
"ThinkPad Laptop, ThinkPad Laptop",2
"iPhone, LG Washing Machine",2
"iPhone, Lightning Charging Cable, USB-C Charging Cable",2
"27in 4K Gaming Monitor, LG Washing Machine",1
"27in 4K Gaming Monitor, Vareebadd Phone, Wired Headphones",1
"27in 4K Gaming Monitor, iPhone, Lightning Charging Cable",1
"27in FHD Monitor, Bose SoundSport Headphones, Google Phone",1
"27in FHD Monitor, Google Phone, USB-C Charging Cable",1
"27in FHD Monitor, Google Phone, USB-C Charging Cable, Wired Headphones",1
"27in FHD Monitor, LG Washing Machine",1
"34in Ultrawide Monitor, Bose SoundSport Headphones, Google Phone, USB-C Charging Cable",1
"34in Ultrawide Monitor, LG Washing Machine",1
"34in Ultrawide Monitor, iPhone, Lightning Charging Cable",1
"AA Batteries (4-pack), Google Phone, USB-C Charging Cable, Wired Headphones",1
"AA Batteries (4-pack), Google Phone, Wired Headphones",1
"AA Batteries (4-pack), LG Washing Machine",1
"AA Batteries (4-pack), iPhone, Lightning Charging Cable, Wired Headphones",1
"AAA Batteries (4-pack), iPhone, Lightning Charging Cable",1
"Apple Airpods Headphones, Bose SoundSport Headphones, Google Phone",1
"Apple Airpods Headphones, Bose SoundSport Headphones, iPhone",1
"Apple Airpods Headphones, Google Phone, USB-C Charging Cable",1
"Apple Airpods Headphones, Google Phone, USB-C Charging Cable, Wired Headphones",1
"Apple Airpods Headphones, Google Phone, iPhone, Lightning Charging Cable, Wired Headphones",1
"Apple Airpods Headphones, LG Washing Machine",1
"Apple Airpods Headphones, USB-C Charging Cable, Vareebadd Phone",1
"Apple Airpods Headphones, Vareebadd Phone, Wired Headphones",1
"Bose SoundSport Headphones, Flatscreen TV, Vareebadd Phone",1
"Bose SoundSport Headphones, Google Phone, Lightning Charging Cable",1
"Flatscreen TV, LG Dryer",1
"Flatscreen TV, iPhone, Lightning Charging Cable",1
"Google Phone, LG Dryer",1
"Google Phone, LG Washing Machine",1
"Google Phone, Lightning Charging Cable, USB-C Charging Cable",1
"Google Phone, Macbook Pro Laptop, Wired Headphones",1
"Google Phone, USB-C Charging Cable, USB-C Charging Cable",1
"Google Phone, USB-C Charging Cable, USB-C Charging Cable, Wired Headphones",1
"Google Phone, USB-C Charging Cable, Vareebadd Phone",1
"Google Phone, USB-C Charging Cable, Wired Headphones, Wired Headphones",1
"Google Phone, iPhone, Lightning Charging Cable",1
"Google Phone, iPhone, USB-C Charging Cable, Wired Headphones",1
"LG Dryer, ThinkPad Laptop",1
"LG Dryer, USB-C Charging Cable",1
"LG Dryer, Vareebadd Phone",1
"LG Dryer, Wired Headphones",1
"iPhone, Lightning Charging Cable, USB-C Charging Cable, Wired Headphones",1
"iPhone, Lightning Charging Cable, Vareebadd Phone",1
"iPhone, USB-C Charging Cable, Vareebadd Phone",1
"iPhone, Vareebadd Phone, Wired Headphones",1
"iPhone, iPhone",1
"iPhone, iPhone, Lightning Charging Cable",1
